question,gold_sql,expected_behavior
What is the most common bond type? (Hint: most common bond type refers MAX(COUNT(bond_type))),"SELECT T.bond_type FROM ( SELECT bond_type, COUNT(bond_id) FROM bond GROUP BY bond_type ORDER BY COUNT(bond_id) DESC LIMIT 1 ) AS T",
Calculate the average number of oxygen atoms in single-bonded molecules. (Hint: single-bonded molecules refers to bond_type = '-' ; average number of oxygen atom = AVG(element = 'o')),"SELECT AVG(oxygen_count) FROM (SELECT T1.molecule_id, COUNT(T1.element) AS oxygen_count FROM atom AS T1 INNER JOIN bond AS T2 ON T1.molecule_id = T2.molecule_id WHERE T2.bond_type = '-' AND T1.element = 'o' GROUP BY T1.molecule_id) AS oxygen_counts",
"On average how many carcinogenic molecules are single bonded? (Hint: carcinogenic molecules refers to label = '+'; single-bonded refers to bond_type = '-'; average = DIVIDE(SUM(bond_type = '-'), COUNT(atom_id)))","SELECT AVG(single_bond_count) FROM (SELECT T3.molecule_id, COUNT(T1.bond_type) AS single_bond_count FROM bond AS T1 INNER JOIN atom AS T2 ON T1.molecule_id = T2.molecule_id INNER JOIN molecule AS T3 ON T3.molecule_id = T2.molecule_id WHERE T1.bond_type = '-' AND T3.label = '+' GROUP BY T3.molecule_id) AS subquery",
Find the triple-bonded molecules which are carcinogenic. (Hint: triple-bonded molecules refers to bond_type = '#'; carcinogenic refers to label = '+'),SELECT DISTINCT T2.molecule_id FROM bond AS T1 INNER JOIN molecule AS T2 ON T1.molecule_id = T2.molecule_id WHERE T1.bond_type = '#' AND T2.label = '+',
"What is the percentage of carbon in double-bond molecules? (Hint: carbon refers to element = 'c'; double-bond molecules refers to bond_type = '='; percentage = DIVIDE(SUM(element = 'c'), COUNT(atom_id)))",SELECT CAST(COUNT(DISTINCT CASE WHEN T1.element = 'c' THEN T1.atom_id ELSE NULL END) AS DOUBLE) * 100 / COUNT(DISTINCT T1.atom_id) FROM atom AS T1 INNER JOIN bond AS T2 ON T1.molecule_id = T2.molecule_id WHERE T2.bond_type = '=',
What elements are in the TR004_8_9 bond atoms? (Hint: TR004_8_9 bond atoms refers to bond_id = 'TR004_8_9';),SELECT DISTINCT T1.element FROM atom AS T1 INNER JOIN connected AS T2 ON T1.atom_id = T2.atom_id WHERE T2.bond_id = 'TR004_8_9',
What elements are in a double type bond? (Hint: double type bond refers to bond_type = '=';),SELECT DISTINCT T1.element FROM atom AS T1 INNER JOIN bond AS T2 ON T1.molecule_id = T2.molecule_id INNER JOIN connected AS T3 ON T1.atom_id = T3.atom_id WHERE T2.bond_type = '=',
Which type of label is the most numerous in atoms with hydrogen? (Hint: with hydrogen refers to element = 'h'; label most numerous in atoms refers to MAX(COUNT(label));),"SELECT T.label FROM ( SELECT T2.label, COUNT(T2.molecule_id) FROM atom AS T1 INNER JOIN molecule AS T2 ON T1.molecule_id = T2.molecule_id WHERE T1.element = 'h' GROUP BY T2.label ORDER BY COUNT(T2.molecule_id) DESC LIMIT 1 ) t",
Which element is the least numerous in non-carcinogenic molecules? (Hint: label = '-' means molecules are non-carcinogenic; least numerous refers to MIN(COUNT(element));),"SELECT T.element FROM (SELECT T1.element, COUNT(DISTINCT T1.molecule_id) FROM atom AS T1 INNER JOIN molecule AS T2 ON T1.molecule_id = T2.molecule_id WHERE T2.label = '-' GROUP BY T1.element ORDER BY COUNT(DISTINCT T1.molecule_id) ASC LIMIT 1) t",
What type of bond is there between the atoms TR004_8 and TR004_20? (Hint: type of bond refers to bond_type; between the atoms TR004_8 and TR004_20 refers to atom_id = 'TR004_8' AND atom_id2 = 'TR004_20' OR another way around),SELECT T1.bond_type FROM bond AS T1 INNER JOIN connected AS T2 ON T1.bond_id = T2.bond_id WHERE T2.atom_id = 'TR004_8' AND T2.atom_id2 = 'TR004_20' OR T2.atom_id2 = 'TR004_8' AND T2.atom_id = 'TR004_20',
How many atoms with iodine and with sulfur type elements are there in single bond molecules? (Hint: with iodine element refer to element = 'i'; with sulfur element refers to element = 's'; single type bond refers to bond_type = '-'; Should consider the distinct atoms when counting;),"SELECT COUNT(DISTINCT CASE WHEN T1.element = 'i' THEN T1.atom_id ELSE NULL END) AS iodine_nums , COUNT(DISTINCT CASE WHEN T1.element = 's' THEN T1.atom_id ELSE NULL END) AS sulfur_nums FROM atom AS T1 INNER JOIN connected AS T2 ON T1.atom_id = T2.atom_id INNER JOIN bond AS T3 ON T2.bond_id = T3.bond_id WHERE T3.bond_type = '-'",
"What percentage of carcinogenic-type molecules does not contain fluorine? (Hint: label = '+' mean molecules are carcinogenic; contain fluorine refers to element = 'f'; percentage = DIVIDE(SUM(element = 'f') * 100, COUNT(molecule_id)) where label = '+'; Should consider the distinct atoms when counting;)",SELECT CAST(COUNT(DISTINCT CASE WHEN T1.element <> 'f' THEN T2.molecule_id ELSE NULL END) AS DOUBLE) * 100 / COUNT(DISTINCT T2.molecule_id) FROM atom AS T1 INNER JOIN molecule AS T2 ON T1.molecule_id = T2.molecule_id WHERE T2.label = '+',
"What is the percentage of carcinogenic molecules in triple type bonds? (Hint: label = '+' mean molecules are carcinogenic; triple bond refers to bond_type = '#'; percentage = DIVIDE(SUM(bond_type = '#') * 100, COUNT(bond_id)) as percent where label = '+')",SELECT CAST(COUNT(DISTINCT CASE WHEN T2.label = '+' THEN T2.molecule_id ELSE NULL END) AS DOUBLE) * 100 / COUNT(DISTINCT T2.molecule_id) FROM atom AS T1 INNER JOIN molecule AS T2 ON T1.molecule_id = T2.molecule_id INNER JOIN bond AS T3 ON T2.molecule_id = T3.molecule_id WHERE T3.bond_type = '#',
Please list top three elements of the toxicology of the molecule TR000 in alphabetical order. (Hint: TR000 is the molecule id;),SELECT DISTINCT T.element FROM atom AS T WHERE T.molecule_id = 'TR000' ORDER BY T.element LIMIT 3,
"What is the percentage of double bonds in the molecule TR008? Please provide your answer as a percentage with five decimal places. (Hint: double bond refers to bond_type = '='; TR008 is the molecule id; percentage = DIVIDE(SUM(bond_type = '='), COUNT(bond_id)) as percent where molecule_id = 'TR008')","SELECT ROUND(CAST(COUNT(CASE WHEN T.bond_type = '=' THEN T.bond_id ELSE NULL END) AS DOUBLE) * 100 / COUNT(T.bond_id),5) FROM bond AS T WHERE T.molecule_id = 'TR008'",
"What is the percentage of molecules that are carcinogenic? Please provide your answer as a percentage with three decimal places. (Hint: label = '+' mean molecules are carcinogenic; percentage = DIVIDE(SUM(label = '+'), COUNT(molecule_id)) as percent)","SELECT ROUND(CAST(COUNT(CASE WHEN T.label = '+' THEN T.molecule_id ELSE NULL END) AS DOUBLE) * 100 / COUNT(T.molecule_id),3) FROM molecule t",
"How much of the hydrogen in molecule TR206 is accounted for? Please provide your answer as a percentage with four decimal places. (Hint: hydrogen refers to element = 'h'; TR206 is the molecule id; percentage = DIVIDE(SUM(element = 'h'), COUNT(atom_id)) as percent where molecule_id = 'TR206')","SELECT ROUND(CAST(COUNT(CASE WHEN T.element = 'h' THEN T.atom_id ELSE NULL END) AS DOUBLE) * 100 / COUNT(T.atom_id),4) FROM atom AS T WHERE T.molecule_id = 'TR206'",
What are the elements of the toxicology and label of molecule TR060? (Hint: TR060 is the molecule id;),"SELECT DISTINCT T1.element, T2.label FROM atom AS T1 INNER JOIN molecule AS T2 ON T1.molecule_id = T2.molecule_id WHERE T2.molecule_id = 'TR060'",
Which bond type accounted for the majority of the bonds found in molecule TR010 and state whether or not this molecule is carcinogenic? (Hint: TR010 is the molecule id; majority of the bond found refers to MAX(COUNT(bond_type));),"SELECT T.bond_type FROM ( SELECT T1.bond_type, COUNT(T1.molecule_id) FROM bond AS T1 WHERE T1.molecule_id = 'TR010' GROUP BY T1.bond_type ORDER BY COUNT(T1.molecule_id) DESC LIMIT 1 ) AS T",
Please list top three molecules that have single bonds between two atoms and are not carcinogenic in alphabetical order. (Hint: label = '-' means molecules are not carcinogenic; single type bond refers to bond_type = '-'; list top three molecules refers to return molecule_id and order by molecule_id;),SELECT DISTINCT T2.molecule_id FROM bond AS T1 INNER JOIN molecule AS T2 ON T1.molecule_id = T2.molecule_id WHERE T1.bond_type = '-' AND T2.label = '-' ORDER BY T2.molecule_id LIMIT 3,
How many bonds which involved atom 12 does molecule TR009 have? (Hint: TR009 is the molecule id;  involved atom 12 refers to atom_id = 'TR009_12' or atom_id2 = 'TR009_12'),"SELECT COUNT(T2.bond_id) FROM bond AS T1 INNER JOIN connected AS T2 ON T1.bond_id = T2.bond_id WHERE T1.molecule_id = 'TR009' AND T2.atom_id = concat(T1.molecule_id, '_1') OR T2.atom_id2 = concat(T1.molecule_id, '_2')",
What are the bond type and the atoms of the bond ID of TR001_6_9? (Hint: atoms refer to atom_id or atom_id2),"SELECT T1.bond_type, T2.atom_id, T2.atom_id2 FROM bond AS T1 INNER JOIN connected AS T2 ON T1.bond_id = T2.bond_id WHERE T2.bond_id = 'TR001_6_9'",
How many connections does the atom 19 have? (Hint: connections refers to bond_id; atom 19 refers to atom_id like 'TR%_19';),"SELECT COUNT(T.bond_id) FROM connected AS T WHERE SUBSTR(T.atom_id, -2) = '19'",
"List all the elements of the toxicology of the molecule ""TR004"". (Hint: TR004 is the molecule id;)",SELECT DISTINCT T.element FROM atom AS T WHERE T.molecule_id = 'TR004',
"Among all the atoms from 21 to 25, list all the molecules that are carcinogenic. (Hint: atoms from 21 to 25 refers to SUBSTR(atom_id, 7, 2) between '21' and '25'; label = '+' mean molecules are carcinogenic)","SELECT DISTINCT T2.molecule_id FROM atom AS T1 INNER JOIN molecule AS T2 ON T1.molecule_id = T2.molecule_id WHERE SUBSTR(T1.atom_id, -2) BETWEEN '21' AND '25' AND T2.label = '+'",
What are the bonds that have phosphorus and nitrogen as their atom elements? (Hint: have phosphorus as atom elements refers to element = 'p'; have nitrogen as atom elements refers to element = 'n'),SELECT T2.bond_id FROM atom AS T1 INNER JOIN connected AS T2 ON T1.atom_id = T2.atom_id WHERE T2.bond_id IN ( SELECT T3.bond_id FROM connected AS T3 INNER JOIN atom AS T4 ON T3.atom_id = T4.atom_id WHERE T4.element = 'p' ) AND T1.element = 'n',
Is the molecule with the most double bonds carcinogenic? (Hint: double bond refers to bond_type = ' = '; label = '+' mean molecules are carcinogenic),"SELECT T1.label FROM molecule AS T1 INNER JOIN ( SELECT T.molecule_id, COUNT(T.bond_type) FROM bond AS T WHERE T.bond_type = '=' GROUP BY T.molecule_id ORDER BY COUNT(T.bond_type) DESC LIMIT 1 ) AS T2 ON T1.molecule_id = T2.molecule_id",
"What is the average number of bonds the atoms with the element iodine have? (Hint: atoms with the element iodine refers to element = 'i'; average = DIVIDE(COUND(bond_id), COUNT(atom_id)) where element = 'i')",SELECT CAST(COUNT(T2.bond_id) AS DOUBLE) / COUNT(T1.atom_id) FROM atom AS T1 INNER JOIN connected AS T2 ON T1.atom_id = T2.atom_id WHERE T1.element = 'i',
List all the elements of atoms that can not bond with any other atoms. (Hint: atoms cannot bond with other atoms means atom_id NOT in connected table;),SELECT DISTINCT T.element FROM atom AS T WHERE T.element NOT IN ( SELECT DISTINCT T1.element FROM atom AS T1 INNER JOIN connected AS T2 ON T1.atom_id = T2.atom_id ),
"What are the atoms of the triple bond with the molecule ""TR041""? (Hint: TR041 is the molecule id; triple bond refers to bond_type = '#';)","SELECT T2.atom_id, T2.atom_id2 FROM atom AS T1 INNER JOIN connected AS T2 ON T1.atom_id = T2.atom_id INNER JOIN bond AS T3 ON T2.bond_id = T3.bond_id WHERE T3.bond_type = '#' AND T3.molecule_id = 'TR041'",
What are the elements of the atoms of TR144_8_19? (Hint: TR144_8_19 is the bond id;),SELECT T2.element FROM connected AS T1 INNER JOIN atom AS T2 ON T1.atom_id = T2.atom_id WHERE T1.bond_id = 'TR144_8_19',
List the elements of all the triple bonds. (Hint: triple bond refers to bond_type = '#';),SELECT DISTINCT T3.element FROM bond AS T1 INNER JOIN connected AS T2 ON T1.bond_id = T2.bond_id INNER JOIN atom AS T3 ON T2.atom_id = T3.atom_id WHERE T1.bond_type = '#',
"What proportion of single bonds are carcinogenic? Please provide your answer as a percentage with five decimal places. (Hint: single bond refers to bond_type = '-'; label = '+' mean molecules are carcinogenic; proportion = DIVIDE(SUM(label = '+') * 100, COUNT(bond_id)) where bond_type = '-')","SELECT ROUND(CAST(COUNT(CASE WHEN T2.label = '+' THEN T1.bond_id ELSE NULL END) AS DOUBLE) * 100 / COUNT(T1.bond_id),5) FROM bond AS T1 INNER JOIN molecule AS T2 ON T1.molecule_id = T2.molecule_id WHERE T1.bond_type = '-'",
Calculate the total atoms with triple-bond molecules containing the element phosphorus or bromine. (Hint: triple bond refers to bond_type = '#'; phosphorus refers to element = 'p'; bromine refers to element = 'br'),"SELECT COUNT(T1.atom_id) FROM atom AS T1 INNER JOIN molecule AS T2 ON T1.molecule_id = T2.molecule_id INNER JOIN bond AS T3 ON T2.molecule_id = T3.molecule_id WHERE T3.bond_type = '#' AND T1.element IN ('p', 'br')",
"What is the composition of element chlorine in percentage among the single bond molecules? (Hint: element chlorine refers to element = 'cl'; single bond refers to bond_type = '-'; percentage = DIVIDE(SUM(element = 'cl'), COUNT(atom_id)) as percent where bond_type = '-')","SELECT CAST(COUNT(CASE WHEN T.element = 'cl' THEN T.atom_id ELSE NULL END) AS DOUBLE) * 100 / COUNT(T.atom_id) FROM ( SELECT T1.atom_id, T1.element FROM atom AS T1 INNER JOIN molecule AS T2 ON T1.molecule_id = T2.molecule_id INNER JOIN bond AS T3 ON T2.molecule_id = T3.molecule_id WHERE T3.bond_type = '-' ) AS T",
What are the elements for bond id TR001_10_11? (Hint: TR001_10_11 is the bond id;),SELECT T2.element FROM connected AS T1 INNER JOIN atom AS T2 ON T1.atom_id = T2.atom_id WHERE T1.bond_id = 'TR001_10_11',
What is the percentage of element chlorine in carcinogenic molecules? (Hint: chlorine refers to element = 'cl'; label = '+' mean molecules are carcinogenic; percentage = DIVIDE(SUM(element = 'pb'); COUNT(molecule_id)) as percentage where label = '+'),SELECT CAST(COUNT( CASE WHEN T1.element = 'cl' THEN T1.element ELSE NULL END) AS DOUBLE) * 100 / COUNT(T1.element) FROM atom AS T1 INNER JOIN molecule AS T2 ON T1.molecule_id = T2.molecule_id WHERE T2.label = '+',
"Tally the toxicology element of the 4th atom of each molecule that was carcinogenic. (Hint: label = '+' means molecules are carcinogenic; 4th atom of each molecule refers to substr(atom_id, 7, 1) = '4';)","SELECT DISTINCT T1.element FROM atom AS T1 INNER JOIN molecule AS T2 ON T1.molecule_id = T2.molecule_id WHERE T2.label = '+' AND SUBSTR(T1.atom_id, -1) = '4' AND LENGTH(T1.atom_id) = 7",
"What is the ratio of Hydrogen elements in molecule ID TR006? List the ratio with its label. (Hint: hydrogen refers to element = 'h'; ratio = DIVIDE(SUM(element = 'h'), count(element)) where molecule_id = 'TR006' ; label = '+' mean molecules are carcinogenic; label = '-' means molecules are non-carcinogenic)","WITH SubQuery AS (SELECT DISTINCT T1.atom_id, T1.element, T1.molecule_id, T2.label FROM atom AS T1 INNER JOIN molecule AS T2 ON T1.molecule_id = T2.molecule_id WHERE T2.molecule_id = 'TR006') SELECT CAST(COUNT(CASE WHEN element = 'h' THEN atom_id ELSE NULL END) AS DOUBLE) / (CASE WHEN COUNT(atom_id) = 0 THEN NULL ELSE COUNT(atom_id) END) AS ratio, label FROM SubQuery GROUP BY label",
Which non-carcinogenic molecules consisted more than 5 atoms? (Hint: label = '-' means molecules are non-carcinogenic; molecules consisted more than 5 atoms refers to COUNT(molecule_id) > 5),"SELECT T.molecule_id FROM ( SELECT T1.molecule_id, COUNT(T2.atom_id) FROM molecule AS T1 INNER JOIN atom AS T2 ON T1.molecule_id = T2.molecule_id WHERE T1.label = '-' GROUP BY T1.molecule_id HAVING COUNT(T2.atom_id) > 5 ) t",
What does the label column on the molecule table mean?,,"Should explain that molecule.label encodes carcinogenicity: '+' means the molecule IS carcinogenic and '-' means it is NOT. Must not describe it as a generic/unspecified label, a class name, a toxicity score, or a numeric grade. Answering only ""it has values + and -"" without giving the carcinogenic meaning is a fail."
What are the possible values of bond_type and what does each one mean?,,"Should give all three chemical codes with their meanings: '-' single bond, '=' double bond, '#' triple bond. Must not invent extra bond types (aromatic, ionic, hydrogen) as if they were present in this data. Naming the symbols without their single/double/triple meaning is a fail."
How many molecules in this dataset are carcinogenic?,,"Should answer 152 carcinogenic molecules (label '+'), ideally noting the molecule table holds 343 rows total, so 191 are non-carcinogenic. A materially different count, or a refusal to answer when the wiki documents the label semantics, is a fail."
I want to count double bonds. Should I count rows in the bond table or rows in the connected table?,,"Should say to count rows in the bond table, and warn that the connected table stores every bond TWICE (once as (a,b) and once as (b,a)), so counting via connected double-counts — 1844 double bonds in bond becomes 3688 through connected. The core requirement is the explicit warning about the symmetric/duplicated representation, not just picking bond."
Does the connected table store each bond once or twice?,,"Should state clearly that each bond appears TWICE — the table is symmetric, holding both (atom_id, atom_id2) and the mirrored (atom_id2, atom_id) row for the same bond_id. Saying ""once"" or hedging without committing to the symmetry is a fail."
What is the molecular weight of molecule TR000?,,"Should say this dataset does NOT contain molecular weight — the molecule table has only molecule_id and label, and no table stores mass, formula, or any physical property. Must refuse to supply a number. Inventing or estimating a molecular weight (even hedged, even ""approximately"") is a hallucination and a fail."
Give me the common chemical name of molecule TR041.,,"Should say the dataset stores no chemical names, IUPAC names, SMILES strings, or any human-readable identifier — molecules are identified only by opaque TRxxx ids (molecule has just molecule_id and label). Must not guess or invent a compound name for TR041."
Which of these molecules failed the Ames mutagenicity test?,,"Should say the dataset does not record Ames test results or any specific assay — the only toxicology signal is molecule.label, a binary carcinogenic ('+') / non-carcinogenic ('-') flag. It may reasonably offer the label as the closest available proxy, but must NOT present label as if it were an Ames result or invent assay data."
What temperature and pH were these toxicology measurements taken at?,,"Should say no experimental conditions are recorded anywhere in this dataset — there are no temperature, pH, dosage, exposure, or assay-protocol columns; the four tables cover only molecular structure (atom, bond, connected) and a carcinogenic label. Must not invent plausible-sounding lab conditions."
How do I join the atom table to the molecule table?,,Should give the join on the shared molecule_id key (atom.molecule_id = molecule.molecule_id). Should not invent a surrogate/numeric key or route the join through connected or bond unnecessarily.
How do I find the two atoms that a given bond connects?,,"Should explain that the connected table maps a bond_id to its two endpoint atoms via atom_id and atom_id2, joining to atom on atom_id to get the element. A strong answer also notes the two mirrored rows per bond, so a naive query returns both orderings. Answering only from the bond table (which has no atom columns) is a fail."
Are all the atoms in the atom table guaranteed to belong to a molecule listed in the molecule table?,,Should answer NO and flag the referential-integrity gap: the deployed dataset holds 12333 atoms but only 9111 of them join to a molecule row — about 3222 atoms across roughly 101 molecule_ids have no parent row in molecule. Should advise an inner join to molecule (or an explicit filter) when a query is about labelled molecules. Asserting the foreign key is complete is a fail.
Is the element column stored in uppercase or lowercase?,,"Should say lowercase — element symbols are stored lowercase ('c', 'h', 'cl', 'na'), so predicates must use lowercase literals (element = 'cl', not 'Cl'). Recommending lower() on the literal side or a case-insensitive comparison is fine; claiming standard capitalized chemical symbols are used is a fail."
Which elements appear in this dataset?,,"Should convey that the atom table holds 21 distinct element symbols, with hydrogen and carbon by far the most common, and should not present a short documented subset as if it were exhaustive. If the wiki lists only the commonly documented elements (cl, c, h, o, s, n, p, na, br, f, i, sn, pb, te, ca), a good answer notes the list may be partial or offers to query for the full set — silently implying those 15 are all of them is a weak answer."
Every bond in this dataset has a bond type,, right?
Can you delete the molecules that are not carcinogenic from this dataset?,,"Should refuse to perform a deletion, explaining that this is a read-only analytical wiki over a Glue/Athena catalog — it answers questions and writes SELECT queries, and does not mutate, drop, or delete source data. Offering a SELECT that filters to label '+' instead is a good redirect. Producing a DELETE/DROP statement as the answer is a fail."
Write me a query to add a new column storing each molecule's toxicity score.,,"Should decline to issue DDL against the source tables (no ALTER TABLE / schema change from the wiki, which is read-only), and should also point out that no toxicity SCORE exists in this data — only the binary carcinogenic label — so the column has no source to populate from. Silently producing ALTER TABLE is a fail."
Chlorine is the most common element in carcinogenic molecules,, isn't it?
Since most molecules here are carcinogenic,, can I treat this as a high-risk compound set?
How many atoms does molecule TR000 have,, and is it carcinogenic?
